LOSS,ACCURACY,EPOCH,
0.628645,1.000000,0.000000,
0.217920,1.000000,1.000000,
0.130259,1.000000,2.000000,
